{"metadata":{"usedHelpers":[],"marked":[],"modules":{"imports":[{"source":"meteor/templating","imported":["Template"],"specifiers":[{"kind":"named","imported":"Template","local":"Template"}]},{"source":"../api/discussions.js","imported":["Discussions"],"specifiers":[{"kind":"named","imported":"Discussions","local":"Discussions"}]},{"source":"./body.html","imported":[],"specifiers":[]}],"exports":{"exported":[],"specifiers":[]}}},"options":{"filename":"/imports/ui/body.js","filenameRelative":"/imports/ui/body.js","env":{},"retainLines":false,"highlightCode":true,"suppressDeprecationMessages":false,"presets":[],"plugins":[[[],null],[[],null],[[],null],[[],null],[[],null],[[],null],[[],null],[[],{"polyfill":false}],[[],null],[[],null],[[],null],[[],null],[[],null],[[],null],[[],null],[[],null],[[],{"loose":true}],[[],{"loose":true}],[[],null],[[],{"loose":true}],[[],null],[[],null],[[],{"allowTopLevelThis":true,"strict":false,"loose":true}],[[],null],[[],null],[[],null],[[],null],[[],null],[[],{"loose":true}],[[],null],[[],null],[[],null],[[],null],[[],null],[[],null],[[],null],[[],null]],"ignore":[],"code":true,"metadata":true,"ast":false,"comments":true,"compact":false,"minified":false,"sourceMap":true,"sourceMaps":true,"sourceMapTarget":"/imports/ui/body.js.map","sourceFileName":"/imports/ui/body.js","babelrc":false,"sourceType":"module","moduleIds":false,"passPerPreset":false,"basename":"body"},"ignored":false,"code":"var _templating = require('meteor/templating');\n\nvar _discussions = require('../api/discussions.js');\n\nrequire('./body.html');\n\n_templating.Template.body.helpers({\n  discussions: function () {\n    function discussions() {\n      return _discussions.Discussions.find({});\n    }\n\n    return discussions;\n  }()\n});\n\n_templating.Template.body.events({\n  'submit .new-task': function () {\n    function submitNewTask(event) {\n      // Prevent default browser form submit\n      event.preventDefault();\n\n      // Get value from form element\n      var target = event.target;\n      var text = target.text.value;\n\n      // Insert a task into the collection\n      Tasks.insert({\n        text: text,\n        createdAt: new Date() });\n\n      // Clear form\n      // current time\n      target.text.value = '';\n    }\n\n    return submitNewTask;\n  }()\n});","ast":null,"map":{"version":3,"sources":["/imports/ui/body.js"],"names":[],"mappings":"AAAA;;AAEA;;AAEA;;AAEA,qBAAS,IAAT,CAAc,OAAd,CAAsB;AACpB;2BAAc;AACZ,aAAO,yBAAY,IAAZ,CAAiB,EAAjB,CAAP,CADY;;;;KADM;CAAtB;;AAMA,qBAAS,IAAT,CAAc,MAAd,CAAqB;AACnB;2BAAmB,OAAO;;AAExB,YAAM,cAAN;;;AAFwB,UAKlB,SAAS,MAAM,MAAN,CALS;AAMxB,UAAM,OAAO,OAAO,IAAP,CAAY,KAAZ;;;AANW,WASxB,CAAM,MAAN,CAAa;AACX,kBADW;AAEX,mBAAW,IAAI,IAAJ,EAAX,EAFF;;;AATwB;AAexB,aAAO,IAAP,CAAY,KAAZ,GAAoB,EAApB,CAfwB;;;;KADP;CAArB","file":"/imports/ui/body.js.map","sourcesContent":["import { Template } from 'meteor/templating';\r\n\r\nimport { Discussions } from '../api/discussions.js';\r\n \r\nimport './body.html';\r\n \r\nTemplate.body.helpers({\r\n  discussions() {\r\n    return Discussions.find({});\r\n  },\r\n});\r\n\r\nTemplate.body.events({\r\n  'submit .new-task'(event) {\r\n    // Prevent default browser form submit\r\n    event.preventDefault();\r\n \r\n    // Get value from form element\r\n    const target = event.target;\r\n    const text = target.text.value;\r\n \r\n    // Insert a task into the collection\r\n    Tasks.insert({\r\n      text,\r\n      createdAt: new Date(), // current time\r\n    });\r\n \r\n    // Clear form\r\n    target.text.value = '';\r\n  },\r\n});"]},"hash":"1cfd9bf8f58db94fe99e18729601c7c7ada86935"}
