{"metadata":{"usedHelpers":[],"marked":[],"modules":{"imports":[{"source":"../imports/ui/body.js","imported":[],"specifiers":[]},{"source":"../imports/api/discussions.js","imported":["Discussions"],"specifiers":[{"kind":"named","imported":"Discussions","local":"Discussions"}]}],"exports":{"exported":[],"specifiers":[]}}},"options":{"filename":"/client/main.js","filenameRelative":"/client/main.js","env":{},"retainLines":false,"highlightCode":true,"suppressDeprecationMessages":false,"presets":[],"plugins":[[[],null],[[],null],[[],null],[[],null],[[],null],[[],null],[[],null],[[],{"polyfill":false}],[[],null],[[],null],[[],null],[[],null],[[],null],[[],null],[[],null],[[],null],[[],{"loose":true}],[[],{"loose":true}],[[],null],[[],{"loose":true}],[[],null],[[],null],[[],{"allowTopLevelThis":true,"strict":false,"loose":true}],[[],null],[[],null],[[],null],[[],null],[[],null],[[],{"loose":true}],[[],null],[[],null],[[],null],[[],null],[[],null],[[],null],[[],null],[[],null]],"ignore":[],"code":true,"metadata":true,"ast":false,"comments":true,"compact":false,"minified":false,"sourceMap":true,"sourceMaps":true,"sourceMapTarget":"/client/main.js.map","sourceFileName":"/client/main.js","babelrc":false,"sourceType":"module","moduleIds":false,"passPerPreset":false,"basename":"main"},"ignored":false,"code":"require('../imports/ui/body.js');\n\nvar _discussions = require('../imports/api/discussions.js');\n\n$(window).resize(function () {\n\t$('.container-fluid').innerHeight($('window').innerHeight());\n\n\t$('.container').innerHeight($('window').innerHeight());\n});","ast":null,"map":{"version":3,"sources":["/client/main.js"],"names":[],"mappings":"AAAA;;AAEA;;AAEA,EAAE,MAAF,EAAU,MAAV,CAAiB,YAAW;AAC3B,GAAE,kBAAF,EAAsB,WAAtB,CAAkC,EAAE,QAAF,EAAY,WAAZ,EAAlC,EAD2B;;AAG3B,GAAE,YAAF,EAAgB,WAAhB,CAA4B,EAAE,QAAF,EAAY,WAAZ,EAA5B,EAH2B;CAAX,CAAjB","file":"/client/main.js.map","sourcesContent":["import '../imports/ui/body.js';\n\nimport { Discussions } from '../imports/api/discussions.js';\n\n$(window).resize(function() {\n\t$('.container-fluid').innerHeight($('window').innerHeight());\n\n\t$('.container').innerHeight($('window').innerHeight());\t\n});\n\n"]},"hash":"1df38e579b87fd271f4e9beb9e7ad9f3f5ec78d7"}
