{"metadata":{"usedHelpers":[],"marked":[],"modules":{"imports":[{"source":"meteor/templating","imported":["Template"],"specifiers":[{"kind":"named","imported":"Template","local":"Template"}]},{"source":"./body.html","imported":[],"specifiers":[]}],"exports":{"exported":[],"specifiers":[]}}},"options":{"filename":"/imports/ui/body.js","filenameRelative":"/imports/ui/body.js","env":{},"retainLines":false,"highlightCode":true,"suppressDeprecationMessages":false,"presets":[],"plugins":[[[],null],[[],null],[[],null],[[],null],[[],null],[[],null],[[],null],[[],{"polyfill":false}],[[],null],[[],null],[[],null],[[],null],[[],null],[[],null],[[],null],[[],null],[[],{"loose":true}],[[],{"loose":true}],[[],null],[[],{"loose":true}],[[],null],[[],null],[[],{"allowTopLevelThis":true,"strict":false,"loose":true}],[[],null],[[],null],[[],null],[[],null],[[],null],[[],{"loose":true}],[[],null],[[],null],[[],null],[[],null],[[],null],[[],null],[[],null],[[],null]],"ignore":[],"code":true,"metadata":true,"ast":false,"comments":true,"compact":false,"minified":false,"sourceMap":true,"sourceMaps":true,"sourceMapTarget":"/imports/ui/body.js.map","sourceFileName":"/imports/ui/body.js","babelrc":false,"sourceType":"module","moduleIds":false,"passPerPreset":false,"basename":"body"},"ignored":false,"code":"var _templating = require('meteor/templating');\n\nrequire('./body.html');\n\n_templating.Template.body.helpers({\n  discussions: function () {\n    function discussions() {\n      return Discussions.find({});\n    }\n\n    return discussions;\n  }()\n});","ast":null,"map":{"version":3,"sources":["/imports/ui/body.js"],"names":[],"mappings":"AAAA;;AAEA;;AAEA,qBAAS,IAAT,CAAc,OAAd,CAAsB;AACpB;2BAAc;AACZ,aAAO,YAAY,IAAZ,CAAiB,EAAjB,CAAP,CADY;;;;KADM;CAAtB","file":"/imports/ui/body.js.map","sourcesContent":["import { Template } from 'meteor/templating';\r\n \r\nimport './body.html';\r\n \r\nTemplate.body.helpers({\r\n  discussions() {\r\n    return Discussions.find({});\r\n  },\r\n});"]},"hash":"28dba724b24e16b9c30faff648d6b1d01f39767f"}
