{"metadata":{"usedHelpers":[],"marked":[],"modules":{"imports":[{"source":"../imports/ui/body.js","imported":[],"specifiers":[]},{"source":"../api/discussions.js","imported":["Discussions"],"specifiers":[{"kind":"named","imported":"Discussions","local":"Discussions"}]}],"exports":{"exported":[],"specifiers":[]}}},"options":{"filename":"/client/main.js","filenameRelative":"/client/main.js","env":{},"retainLines":false,"highlightCode":true,"suppressDeprecationMessages":false,"presets":[],"plugins":[[[],null],[[],null],[[],null],[[],null],[[],null],[[],null],[[],null],[[],{"polyfill":false}],[[],null],[[],null],[[],null],[[],null],[[],null],[[],null],[[],null],[[],null],[[],{"loose":true}],[[],{"loose":true}],[[],null],[[],{"loose":true}],[[],null],[[],null],[[],{"allowTopLevelThis":true,"strict":false,"loose":true}],[[],null],[[],null],[[],null],[[],null],[[],null],[[],{"loose":true}],[[],null],[[],null],[[],null],[[],null],[[],null],[[],null],[[],null],[[],null]],"ignore":[],"code":true,"metadata":true,"ast":false,"comments":true,"compact":false,"minified":false,"sourceMap":true,"sourceMaps":true,"sourceMapTarget":"/client/main.js.map","sourceFileName":"/client/main.js","babelrc":false,"sourceType":"module","moduleIds":false,"passPerPreset":false,"basename":"main"},"ignored":false,"code":"require('../imports/ui/body.js');\n\nvar _discussions = require('../api/discussions.js');","ast":null,"map":{"version":3,"sources":["/client/main.js"],"names":[],"mappings":"AAAA;;AAEA","file":"/client/main.js.map","sourcesContent":["import '../imports/ui/body.js';\n\nimport { Discussions } from '../api/discussions.js';"]},"hash":"30a41f1f31ac7fb2046c94be772556d84059db00"}
