{"metadata":{"usedHelpers":[],"marked":[],"modules":{"imports":[{"source":"meteor/templating","imported":["Template"],"specifiers":[{"kind":"named","imported":"Template","local":"Template"}]},{"source":"../api/discussions.js","imported":["Discussions"],"specifiers":[{"kind":"named","imported":"Discussions","local":"Discussions"}]},{"source":"./body.html","imported":[],"specifiers":[]}],"exports":{"exported":[],"specifiers":[]}}},"options":{"filename":"/imports/ui/body.js","filenameRelative":"/imports/ui/body.js","env":{},"retainLines":false,"highlightCode":true,"suppressDeprecationMessages":false,"presets":[],"plugins":[[[],null],[[],null],[[],null],[[],null],[[],null],[[],null],[[],null],[[],{"polyfill":false}],[[],null],[[],null],[[],null],[[],null],[[],null],[[],null],[[],null],[[],null],[[],{"loose":true}],[[],{"loose":true}],[[],null],[[],{"loose":true}],[[],null],[[],null],[[],{"allowTopLevelThis":true,"strict":false,"loose":true}],[[],null],[[],null],[[],null],[[],null],[[],null],[[],{"loose":true}],[[],null],[[],null],[[],null],[[],null],[[],null],[[],null],[[],null],[[],null]],"ignore":[],"code":true,"metadata":true,"ast":false,"comments":true,"compact":false,"minified":false,"sourceMap":true,"sourceMaps":true,"sourceMapTarget":"/imports/ui/body.js.map","sourceFileName":"/imports/ui/body.js","babelrc":false,"sourceType":"module","moduleIds":false,"passPerPreset":false,"basename":"body"},"ignored":false,"code":"var _templating = require('meteor/templating');\n\nvar _discussions = require('../api/discussions.js');\n\nrequire('./body.html');\n\n//Helper to sync data from collection\n_templating.Template.body.helpers({\n  discussions: function () {\n    function discussions() {\n      // Show newest tasks at the top\n      return _discussions.Discussions.find({}, { sort: { createdAt: -1 } });\n    }\n\n    return discussions;\n  }()\n});\n\n//Helper to use MomentJS for formatting date\n_templating.Template.registerHelper('formatDate', function (date) {\n  return moment(date).format('hh:mm a DD-MM-YYYY');\n});\n\n//Helper for submitting new discussion post\n_templating.Template.body.events({\n  'submit .new-discussion': function () {\n    function submitNewDiscussion(event) {\n      // Prevent default browser form submit\n      event.preventDefault();\n\n      // Get value from form element\n      var target = event.target;\n      var text = target.text.value;\n\n      // Insert a task into the collection\n      _discussions.Discussions.insert({\n        text: text,\n        createdAt: new Date(),\n        owner: Meteor.userId(),\n        username: Meteor.user().emails[0].address\n      });\n\n      // Clear form\n      target.text.value = '';\n    }\n\n    return submitNewDiscussion;\n  }(),\n  'click .logout': function () {\n    function clickLogout(event) {\n      event.preventDefault();\n      Meteor.logout();\n    }\n\n    return clickLogout;\n  }()\n});\n\n//Helper for handling submit event on sign-in and sign-up forms\n_templating.Template.signup.events({\n  'submit form': function () {\n    function submitForm(event) {\n      event.preventDefault();\n      var emailVar = event.target.signupEmail.value;\n      var passwordVar = event.target.signupPassword.value;\n      Accounts.createUser({\n        email: emailVar,\n        password: passwordVar\n      }, function (err) {\n        alert(err.reason);\n      });\n    }\n\n    return submitForm;\n  }()\n});\n\n_templating.Template.signin.events({\n  'submit form': function () {\n    function submitForm(event) {\n      event.preventDefault();\n      var emailVar = event.target.signinEmail.value;\n      var passwordVar = event.target.signinPassword.value;\n      Meteor.loginWithPassword(emailVar, passwordVar, function (err) {\n        alert(err.reason);\n      });\n    }\n\n    return submitForm;\n  }()\n});","ast":null,"map":{"version":3,"sources":["/imports/ui/body.js"],"names":[],"mappings":"AAAA;;AAEA;;AAEA;;;AAGA,qBAAS,IAAT,CAAc,OAAd,CAAsB;AACpB;2BAAc;;AAEZ,aAAO,yBAAY,IAAZ,CAAiB,EAAjB,EAAqB,EAAE,MAAM,EAAE,WAAW,CAAC,CAAD,EAAnB,EAAvB,CAAP,CAFY;;;;KADM;CAAtB;;;AAQA,qBAAS,cAAT,CAAwB,YAAxB,EAAsC,UAAS,IAAT,EAAe;AACnD,SAAO,OAAO,IAAP,EAAa,MAAb,CAAoB,oBAApB,CAAP,CADmD;CAAf,CAAtC;;;AAMA,qBAAS,IAAT,CAAc,MAAd,CAAqB;AACnB;iCAAyB,OAAO;;AAE9B,YAAM,cAAN;;;AAF8B,UAKxB,SAAS,MAAM,MAAN,CALe;AAM9B,UAAM,OAAO,OAAO,IAAP,CAAY,KAAZ;;;AANiB,8BAS9B,CAAY,MAAZ,CAAmB;AACjB,kBADiB;AAEjB,mBAAW,IAAI,IAAJ,EAAX;AACA,eAAO,OAAO,MAAP,EAAP;AACA,kBAAU,OAAO,IAAP,GAAc,MAAd,CAAqB,CAArB,EAAwB,OAAxB;OAJZ;;;AAT8B,YAiB9B,CAAO,IAAP,CAAY,KAAZ,GAAoB,EAApB,CAjB8B;;;;KADb;AAqBnB;yBAAiB,OAAO;AACxB,YAAM,cAAN,GADwB;AAExB,aAAO,MAAP,GAFwB;;;;KArBL;CAArB;;;AA8BA,qBAAS,MAAT,CAAgB,MAAhB,CAAuB;AACf;AAAe,wBAAS,KAAT,EAAgB;AAC3B,YAAM,cAAN,GAD2B;AAE3B,UAAI,WAAW,MAAM,MAAN,CAAa,WAAb,CAAyB,KAAzB,CAFY;AAG9B,UAAI,cAAc,MAAM,MAAN,CAAa,cAAb,CAA4B,KAA5B,CAHY;AAI3B,eAAS,UAAT,CAAoB;AACnB,eAAO,QAAP;AACA,kBAAU,WAAV;OAFD,EAIH,UAAS,GAAT,EAAc;AACb,cAAM,IAAI,MAAJ,CAAN,CADa;OAAd,CAJG,CAJ2B;KAAhB;;;KAAf;CADR;;AAgBA,qBAAS,MAAT,CAAgB,MAAhB,CAAuB;AACf;AAAe,wBAAS,KAAT,EAAgB;AAC3B,YAAM,cAAN,GAD2B;AAE3B,UAAI,WAAW,MAAM,MAAN,CAAa,WAAb,CAAyB,KAAzB,CAFY;AAG9B,UAAI,cAAc,MAAM,MAAN,CAAa,cAAb,CAA4B,KAA5B,CAHY;AAI3B,aAAO,iBAAP,CAAyB,QAAzB,EAAmC,WAAnC,EAAgD,UAAS,GAAT,EAAc;AAC7D,cAAM,IAAI,MAAJ,CAAN,CAD6D;OAAd,CAAhD,CAJ2B;KAAhB;;;KAAf;CADR","file":"/imports/ui/body.js.map","sourcesContent":["import { Template } from 'meteor/templating';\n\nimport { Discussions } from '../api/discussions.js';\n \nimport './body.html';\n\n //Helper to sync data from collection\nTemplate.body.helpers({\n  discussions() {\n    // Show newest tasks at the top\n    return Discussions.find({}, { sort: { createdAt: -1 } });\n  },\n});\n\n//Helper to use MomentJS for formatting date\nTemplate.registerHelper('formatDate', function(date) {\n  return moment(date).format('hh:mm a DD-MM-YYYY');\n});\n\n\n//Helper for submitting new discussion post\nTemplate.body.events({\n  'submit .new-discussion'(event) {\n    // Prevent default browser form submit\n    event.preventDefault();\n \n    // Get value from form element\n    const target = event.target;\n    const text = target.text.value;\n \n    // Insert a task into the collection\n    Discussions.insert({\n      text,\n      createdAt: new Date(),\n      owner: Meteor.userId(),\n      username: Meteor.user().emails[0].address,\n    });\n \n    // Clear form\n    target.text.value = '';\n  },\n\n  'click .logout' (event) {\n\t\tevent.preventDefault();\n\t\tMeteor.logout();\t\n\t}\n  \t,\n});\n\n\n//Helper for handling submit event on sign-in and sign-up forms\nTemplate.signup.events({\n        'submit form': function(event) {\n            event.preventDefault();\n            var emailVar = event.target.signupEmail.value;\n        \tvar passwordVar = event.target.signupPassword.value;\n            Accounts.createUser({\n            \temail: emailVar,\n            \tpassword: passwordVar\n        \t},\n        \tfunction(err) {\n        \t\talert(err.reason);\n        \t});\n        }\n    });\n\n\nTemplate.signin.events({\n        'submit form': function(event) {\n            event.preventDefault();\n            var emailVar = event.target.signinEmail.value;\n        \tvar passwordVar = event.target.signinPassword.value;\n            Meteor.loginWithPassword(emailVar, passwordVar, function(err) {\n            \talert(err.reason);\n            });\n        }\n    });"]},"hash":"63de74048b3073d91e55dedde7a05f36b0682817"}
