{"metadata":{"usedHelpers":[],"marked":[],"modules":{"imports":[{"source":"meteor/templating","imported":["Template"],"specifiers":[{"kind":"named","imported":"Template","local":"Template"}]},{"source":"../api/discussions.js","imported":["Discussions"],"specifiers":[{"kind":"named","imported":"Discussions","local":"Discussions"}]},{"source":"./body.html","imported":[],"specifiers":[]}],"exports":{"exported":[],"specifiers":[]}}},"options":{"filename":"/imports/ui/body.js","filenameRelative":"/imports/ui/body.js","env":{},"retainLines":false,"highlightCode":true,"suppressDeprecationMessages":false,"presets":[],"plugins":[[[],null],[[],null],[[],null],[[],null],[[],null],[[],null],[[],null],[[],{"polyfill":false}],[[],null],[[],null],[[],null],[[],null],[[],null],[[],null],[[],null],[[],null],[[],{"loose":true}],[[],{"loose":true}],[[],null],[[],{"loose":true}],[[],null],[[],null],[[],{"allowTopLevelThis":true,"strict":false,"loose":true}],[[],null],[[],null],[[],null],[[],null],[[],null],[[],{"loose":true}],[[],null],[[],null],[[],null],[[],null],[[],null],[[],null],[[],null],[[],null]],"ignore":[],"code":true,"metadata":true,"ast":false,"comments":true,"compact":false,"minified":false,"sourceMap":true,"sourceMaps":true,"sourceMapTarget":"/imports/ui/body.js.map","sourceFileName":"/imports/ui/body.js","babelrc":false,"sourceType":"module","moduleIds":false,"passPerPreset":false,"basename":"body"},"ignored":false,"code":"var _templating = require('meteor/templating');\n\nvar _discussions = require('../api/discussions.js');\n\nrequire('./body.html');\n\n_templating.Template.body.helpers({\n  discussions: function () {\n    function discussions() {\n      // Show newest tasks at the top\n      return _discussions.Discussions.find({}, { sort: { createdAt: -1 } });\n    }\n\n    return discussions;\n  }()\n});\n\n_templating.Template.body.events({\n  'submit .new-discussion': function () {\n    function submitNewDiscussion(event) {\n      // Prevent default browser form submit\n      event.preventDefault();\n\n      // Get value from form element\n      var target = event.target;\n      var text = target.text.value;\n\n      // Insert a task into the collection\n      _discussions.Discussions.insert({\n        text: text,\n        createdAt: new Date() });\n\n      // Clear form\n      // current time\n      target.text.value = '';\n    }\n\n    return submitNewDiscussion;\n  }()\n});\n\n_templating.Template.signup.events({\n  'submit form': function () {\n    function submitForm(event) {\n      event.preventDefault();\n      var emailVar = event.target.signupEmail.value;\n      var passwordVar = event.target.signupPassword.value;\n      console.log(\"Form submitted.\");\n    }\n\n    return submitForm;\n  }()\n});","ast":null,"map":{"version":3,"sources":["/imports/ui/body.js"],"names":[],"mappings":"AAAA;;AAEA;;AAEA;;AAEA,qBAAS,IAAT,CAAc,OAAd,CAAsB;AACpB;2BAAc;;AAEZ,aAAO,yBAAY,IAAZ,CAAiB,EAAjB,EAAqB,EAAE,MAAM,EAAE,WAAW,CAAC,CAAD,EAAnB,EAAvB,CAAP,CAFY;;;;KADM;CAAtB;;AAOA,qBAAS,IAAT,CAAc,MAAd,CAAqB;AACnB;iCAAyB,OAAO;;AAE9B,YAAM,cAAN;;;AAF8B,UAKxB,SAAS,MAAM,MAAN,CALe;AAM9B,UAAM,OAAO,OAAO,IAAP,CAAY,KAAZ;;;AANiB,8BAS9B,CAAY,MAAZ,CAAmB;AACjB,kBADiB;AAEjB,mBAAW,IAAI,IAAJ,EAAX,EAFF;;;AAT8B;AAe9B,aAAO,IAAP,CAAY,KAAZ,GAAoB,EAApB,CAf8B;;;;KADb;CAArB;;AAoBA,qBAAS,MAAT,CAAgB,MAAhB,CAAuB;AACf;AAAe,wBAAS,KAAT,EAAgB;AAC3B,YAAM,cAAN,GAD2B;AAE3B,UAAI,WAAW,MAAM,MAAN,CAAa,WAAb,CAAyB,KAAzB,CAFY;AAG9B,UAAI,cAAc,MAAM,MAAN,CAAa,cAAb,CAA4B,KAA5B,CAHY;AAI3B,cAAQ,GAAR,CAAY,iBAAZ,EAJ2B;KAAhB;;;KAAf;CADR","file":"/imports/ui/body.js.map","sourcesContent":["import { Template } from 'meteor/templating';\r\n\r\nimport { Discussions } from '../api/discussions.js';\r\n \r\nimport './body.html';\r\n \r\nTemplate.body.helpers({\r\n  discussions() {\r\n    // Show newest tasks at the top\r\n    return Discussions.find({}, { sort: { createdAt: -1 } });\r\n  },\r\n});\r\n\r\nTemplate.body.events({\r\n  'submit .new-discussion'(event) {\r\n    // Prevent default browser form submit\r\n    event.preventDefault();\r\n \r\n    // Get value from form element\r\n    const target = event.target;\r\n    const text = target.text.value;\r\n \r\n    // Insert a task into the collection\r\n    Discussions.insert({\r\n      text,\r\n      createdAt: new Date(), // current time\r\n    });\r\n \r\n    // Clear form\r\n    target.text.value = '';\r\n  },\r\n});\r\n\r\nTemplate.signup.events({\r\n        'submit form': function(event) {\r\n            event.preventDefault();\r\n            var emailVar = event.target.signupEmail.value;\r\n        \tvar passwordVar = event.target.signupPassword.value;\r\n            console.log(\"Form submitted.\");\r\n        }\r\n    });"]},"hash":"6b1acacca4bb57f11f3efdfda7544ac3860a67b3"}
