{"metadata":{"usedHelpers":[],"marked":[],"modules":{"imports":[{"source":"../imports/ui/body.js","imported":[],"specifiers":[]},{"source":"../imports/api/discussions.js","imported":["Discussions"],"specifiers":[{"kind":"named","imported":"Discussions","local":"Discussions"}]}],"exports":{"exported":[],"specifiers":[]}}},"options":{"filename":"/client/main.js","filenameRelative":"/client/main.js","env":{},"retainLines":false,"highlightCode":true,"suppressDeprecationMessages":false,"presets":[],"plugins":[[[],null],[[],null],[[],null],[[],null],[[],null],[[],null],[[],null],[[],{"polyfill":false}],[[],null],[[],null],[[],null],[[],null],[[],null],[[],null],[[],null],[[],null],[[],{"loose":true}],[[],{"loose":true}],[[],null],[[],{"loose":true}],[[],null],[[],null],[[],{"allowTopLevelThis":true,"strict":false,"loose":true}],[[],null],[[],null],[[],null],[[],null],[[],null],[[],{"loose":true}],[[],null],[[],null],[[],null],[[],null],[[],null],[[],null],[[],null],[[],null]],"ignore":[],"code":true,"metadata":true,"ast":false,"comments":true,"compact":false,"minified":false,"sourceMap":true,"sourceMaps":true,"sourceMapTarget":"/client/main.js.map","sourceFileName":"/client/main.js","babelrc":false,"sourceType":"module","moduleIds":false,"passPerPreset":false,"basename":"main"},"ignored":false,"code":"require('../imports/ui/body.js');\n\nvar _discussions = require('../imports/api/discussions.js');\n\n$(document).ready(function () {\n  function setHeight() {\n    windowHeight = $(window).innerHeight();\n    $('.container-fluid').css('min-height', windowHeight);\n\n    $('.container').css('min-height', windowHeight);\n  };\n  setHeight();\n\n  $(window).resize(function () {\n    setHeight();\n  });\n});","ast":null,"map":{"version":3,"sources":["/client/main.js"],"names":[],"mappings":"AAAA;;AAEA;;AAEA,EAAE,QAAF,EAAY,KAAZ,CAAkB,YAAW;AAC3B,WAAS,SAAT,GAAqB;AACnB,mBAAe,EAAE,MAAF,EAAU,WAAV,EAAf,CADmB;AAEnB,MAAE,kBAAF,EAAsB,GAAtB,CAA0B,YAA1B,EAAwC,YAAxC,EAFmB;;AAInB,MAAE,YAAF,EAAgB,GAAhB,CAAoB,YAApB,EAAkC,YAAlC,EAJmB;GAArB,CAD2B;AAO3B,cAP2B;;AAS3B,IAAE,MAAF,EAAU,MAAV,CAAiB,YAAW;AAC1B,gBAD0B;GAAX,CAAjB,CAT2B;CAAX,CAAlB","file":"/client/main.js.map","sourcesContent":["import '../imports/ui/body.js';\n\nimport { Discussions } from '../imports/api/discussions.js';\n\n$(document).ready(function() {\n  function setHeight() {\n    windowHeight = $(window).innerHeight();\n    $('.container-fluid').css('min-height', windowHeight);\n\n    $('.container').css('min-height', windowHeight);\n  };\n  setHeight();\n  \n  $(window).resize(function() {\n    setHeight();\n  });\n});\n\n"]},"hash":"7f2ad6c0ee342577ba4b03279189dc9c8c22312c"}
