{"metadata":{"usedHelpers":[],"marked":[],"modules":{"imports":[{"source":"meteor/mongo","imported":["Mongo"],"specifiers":[{"kind":"named","imported":"Mongo","local":"Mongo"}]}],"exports":{"exported":["Discussions"],"specifiers":[{"kind":"local","local":"Discussions","exported":"Discussions"}]}}},"options":{"filename":"/imports/api/tasks.js","filenameRelative":"/imports/api/tasks.js","env":{},"retainLines":false,"highlightCode":true,"suppressDeprecationMessages":false,"presets":[],"plugins":[[[],null],[[],null],[[],null],[[],null],[[],null],[[],null],[[],null],[[],{"polyfill":false}],[[],null],[[],null],[[],null],[[],null],[[],null],[[],null],[[],null],[[],null],[[],{"loose":true}],[[],{"loose":true}],[[],null],[[],{"loose":true}],[[],null],[[],null],[[],{"allowTopLevelThis":true,"strict":false,"loose":true}],[[],null],[[],null],[[],null],[[],null],[[],null],[[],{"loose":true}],[[],null],[[],null],[[],null],[[],null],[[],null],[[],null],[[],null],[[],null]],"ignore":[],"code":true,"metadata":true,"ast":false,"comments":true,"compact":false,"minified":false,"sourceMap":true,"sourceMaps":true,"sourceMapTarget":"/imports/api/tasks.js.map","sourceFileName":"/imports/api/tasks.js","babelrc":false,"sourceType":"module","moduleIds":false,"passPerPreset":false,"basename":"tasks"},"ignored":false,"code":"exports.__esModule = true;\nexports.Discussions = undefined;\n\nvar _mongo = require('meteor/mongo');\n\nvar Discussions = exports.Discussions = new _mongo.Mongo.Collection('discussions');","ast":null,"map":{"version":3,"sources":["/imports/api/tasks.js"],"names":[],"mappings":";;;AAAA;;AAEO,IAAM,oCAAc,IAAI,aAAM,UAAN,CAAiB,aAArB,CAAd","file":"/imports/api/tasks.js.map","sourcesContent":["import { Mongo } from 'meteor/mongo';\r\n \r\nexport const Discussions = new Mongo.Collection('discussions');"]},"hash":"95e44f8d6bf417e9220de7c1fc096e51c9ac4c59"}
