{"metadata":{"usedHelpers":[],"marked":[],"modules":{"imports":[{"source":"meteor/templating","imported":["Template"],"specifiers":[{"kind":"named","imported":"Template","local":"Template"}]},{"source":"../api/discussions.js","imported":["Discussions"],"specifiers":[{"kind":"named","imported":"Discussions","local":"Discussions"}]},{"source":"./body.html","imported":[],"specifiers":[]}],"exports":{"exported":[],"specifiers":[]}}},"options":{"filename":"/imports/ui/body.js","filenameRelative":"/imports/ui/body.js","env":{},"retainLines":false,"highlightCode":true,"suppressDeprecationMessages":false,"presets":[],"plugins":[[[],null],[[],null],[[],null],[[],null],[[],null],[[],null],[[],null],[[],{"polyfill":false}],[[],null],[[],null],[[],null],[[],null],[[],null],[[],null],[[],null],[[],null],[[],{"loose":true}],[[],{"loose":true}],[[],null],[[],{"loose":true}],[[],null],[[],null],[[],{"allowTopLevelThis":true,"strict":false,"loose":true}],[[],null],[[],null],[[],null],[[],null],[[],null],[[],{"loose":true}],[[],null],[[],null],[[],null],[[],null],[[],null],[[],null],[[],null],[[],null]],"ignore":[],"code":true,"metadata":true,"ast":false,"comments":true,"compact":false,"minified":false,"sourceMap":true,"sourceMaps":true,"sourceMapTarget":"/imports/ui/body.js.map","sourceFileName":"/imports/ui/body.js","babelrc":false,"sourceType":"module","moduleIds":false,"passPerPreset":false,"basename":"body"},"ignored":false,"code":"var _templating = require('meteor/templating');\n\nvar _discussions = require('../api/discussions.js');\n\nrequire('./body.html');\n\n_templating.Template.body.helpers({\n  discussions: function () {\n    function discussions() {\n      // Show newest tasks at the top\n      return _discussions.Discussions.find({}, { sort: { createdAt: -1 } });\n    }\n\n    return discussions;\n  }()\n});\n\n_templating.Template.registerHelper('formatDate', function (date) {\n  return moment(date).format('hh:mm DD-MM-YYYY');\n});\n\n_templating.Template.body.events({\n  'submit .new-discussion': function () {\n    function submitNewDiscussion(event) {\n      // Prevent default browser form submit\n      event.preventDefault();\n\n      // Get value from form element\n      var target = event.target;\n      var text = target.text.value;\n\n      // Insert a task into the collection\n      _discussions.Discussions.insert({\n        text: text,\n        createdAt: new Date(),\n        owner: Meteor.userId(),\n        username: Meteor.user().emails[0].address\n      });\n\n      createdAt = createdAt.getDate();\n\n      // Clear form\n      target.text.value = '';\n    }\n\n    return submitNewDiscussion;\n  }(),\n  'click .logout': function () {\n    function clickLogout(event) {\n      event.preventDefault();\n      Meteor.logout();\n    }\n\n    return clickLogout;\n  }()\n});\n\n_templating.Template.signup.events({\n  'submit form': function () {\n    function submitForm(event) {\n      event.preventDefault();\n      var emailVar = event.target.signupEmail.value;\n      var passwordVar = event.target.signupPassword.value;\n      Accounts.createUser({\n        email: emailVar,\n        password: passwordVar\n      });\n    }\n\n    return submitForm;\n  }()\n});\n\n_templating.Template.signin.events({\n  'submit form': function () {\n    function submitForm(event) {\n      event.preventDefault();\n      var emailVar = event.target.signinEmail.value;\n      var passwordVar = event.target.signinPassword.value;\n      Meteor.loginWithPassword(emailVar, passwordVar);\n    }\n\n    return submitForm;\n  }()\n});","ast":null,"map":{"version":3,"sources":["/imports/ui/body.js"],"names":[],"mappings":"AAAA;;AAEA;;AAEA;;AAGA,qBAAS,IAAT,CAAc,OAAd,CAAsB;AACpB;2BAAc;;AAEZ,aAAO,yBAAY,IAAZ,CAAiB,EAAjB,EAAqB,EAAE,MAAM,EAAE,WAAW,CAAC,CAAD,EAAnB,EAAvB,CAAP,CAFY;;;;KADM;CAAtB;;AAOA,qBAAS,cAAT,CAAwB,YAAxB,EAAsC,UAAS,IAAT,EAAe;AACnD,SAAO,OAAO,IAAP,EAAa,MAAb,CAAoB,kBAApB,CAAP,CADmD;CAAf,CAAtC;;AAIA,qBAAS,IAAT,CAAc,MAAd,CAAqB;AACnB;iCAAyB,OAAO;;AAE9B,YAAM,cAAN;;;AAF8B,UAKxB,SAAS,MAAM,MAAN,CALe;AAM9B,UAAM,OAAO,OAAO,IAAP,CAAY,KAAZ;;;AANiB,8BAS9B,CAAY,MAAZ,CAAmB;AACjB,kBADiB;AAEjB,mBAAW,IAAI,IAAJ,EAAX;AACA,eAAO,OAAO,MAAP,EAAP;AACA,kBAAU,OAAO,IAAP,GAAc,MAAd,CAAqB,CAArB,EAAwB,OAAxB;OAJZ,EAT8B;;AAgB9B,kBAAY,UAAU,OAAV,EAAZ;;;AAhB8B,YAmB9B,CAAO,IAAP,CAAY,KAAZ,GAAoB,EAApB,CAnB8B;;;;KADb;AAuBnB;yBAAiB,OAAO;AACxB,YAAM,cAAN,GADwB;AAExB,aAAO,MAAP,GAFwB;;;;KAvBL;CAArB;;AA8BA,qBAAS,MAAT,CAAgB,MAAhB,CAAuB;AACf;AAAe,wBAAS,KAAT,EAAgB;AAC3B,YAAM,cAAN,GAD2B;AAE3B,UAAI,WAAW,MAAM,MAAN,CAAa,WAAb,CAAyB,KAAzB,CAFY;AAG9B,UAAI,cAAc,MAAM,MAAN,CAAa,cAAb,CAA4B,KAA5B,CAHY;AAI3B,eAAS,UAAT,CAAoB;AACnB,eAAO,QAAP;AACA,kBAAU,WAAV;OAFD,EAJ2B;KAAhB;;;KAAf;CADR;;AAaA,qBAAS,MAAT,CAAgB,MAAhB,CAAuB;AACf;AAAe,wBAAS,KAAT,EAAgB;AAC3B,YAAM,cAAN,GAD2B;AAE3B,UAAI,WAAW,MAAM,MAAN,CAAa,WAAb,CAAyB,KAAzB,CAFY;AAG9B,UAAI,cAAc,MAAM,MAAN,CAAa,cAAb,CAA4B,KAA5B,CAHY;AAI3B,aAAO,iBAAP,CAAyB,QAAzB,EAAmC,WAAnC,EAJ2B;KAAhB;;;KAAf;CADR","file":"/imports/ui/body.js.map","sourcesContent":["import { Template } from 'meteor/templating';\r\n\r\nimport { Discussions } from '../api/discussions.js';\r\n \r\nimport './body.html';\r\n\r\n \r\nTemplate.body.helpers({\r\n  discussions() {\r\n    // Show newest tasks at the top\r\n    return Discussions.find({}, { sort: { createdAt: -1 } });\r\n  },\r\n});\r\n\r\nTemplate.registerHelper('formatDate', function(date) {\r\n  return moment(date).format('hh:mm DD-MM-YYYY');\r\n});\r\n\r\nTemplate.body.events({\r\n  'submit .new-discussion'(event) {\r\n    // Prevent default browser form submit\r\n    event.preventDefault();\r\n \r\n    // Get value from form element\r\n    const target = event.target;\r\n    const text = target.text.value;\r\n \r\n    // Insert a task into the collection\r\n    Discussions.insert({\r\n      text,\r\n      createdAt: new Date(),\r\n      owner: Meteor.userId(),\r\n      username: Meteor.user().emails[0].address,\r\n    });\r\n\r\n    createdAt = createdAt.getDate();\r\n \r\n    // Clear form\r\n    target.text.value = '';\r\n  },\r\n\r\n  'click .logout' (event) {\r\n\t\tevent.preventDefault();\r\n\t\tMeteor.logout();\t\r\n\t}\r\n  \t,\r\n});\r\n\r\nTemplate.signup.events({\r\n        'submit form': function(event) {\r\n            event.preventDefault();\r\n            var emailVar = event.target.signupEmail.value;\r\n        \tvar passwordVar = event.target.signupPassword.value;\r\n            Accounts.createUser({\r\n            \temail: emailVar,\r\n            \tpassword: passwordVar\r\n        \t});\r\n        }\r\n    });\r\n\r\n\r\nTemplate.signin.events({\r\n        'submit form': function(event) {\r\n            event.preventDefault();\r\n            var emailVar = event.target.signinEmail.value;\r\n        \tvar passwordVar = event.target.signinPassword.value;\r\n            Meteor.loginWithPassword(emailVar, passwordVar);\r\n        }\r\n    });"]},"hash":"c34875d959785a27e4b9979dfd402ff9cbb1f525"}
